Datetime,Water Level (m)
2025-06-05 00:00:00,1.3268034
2025-06-05 01:00:00,1.5185431
2025-06-05 02:00:00,1.2761059
2025-06-05 03:00:00,0.7006118
2025-06-05 04:00:00,0.2154032
2025-06-05 05:00:00,-0.1968991
2025-06-05 06:00:00,-0.53304386
2025-06-05 07:00:00,-0.7697207
2025-06-05 08:00:00,-0.85214764
2025-06-05 09:00:00,-0.41196257
2025-06-05 10:00:00,0.38720357
2025-06-05 11:00:00,0.8677683
2025-06-05 12:00:00,1.2183062
2025-06-05 13:00:00,1.3287235
2025-06-05 14:00:00,1.1309959
2025-06-05 15:00:00,0.70536214
2025-06-05 16:00:00,0.23393051
2025-06-05 17:00:00,-0.18239535
2025-06-05 18:00:00,-0.501215
2025-06-05 19:00:00,-0.747004
2025-06-05 20:00:00,-0.9184536
2025-06-05 21:00:00,-0.9172445
2025-06-05 22:00:00,-0.3379015
2025-06-05 23:00:00,0.39508912
2025-06-06 00:00:00,0.90048736
2025-06-06 01:00:00,1.3005701
2025-06-06 02:00:00,1.4268647
2025-06-06 03:00:00,1.226934
2025-06-06 04:00:00,0.7841413
2025-06-06 05:00:00,0.29365805
2025-06-06 06:00:00,-0.14353639
2025-06-06 07:00:00,-0.46941993
2025-06-06 08:00:00,-0.7010053
2025-06-06 09:00:00,-0.81365097
2025-06-06 10:00:00,-0.51907027
2025-06-06 11:00:00,0.3274354
2025-06-06 12:00:00,0.86895204
2025-06-06 13:00:00,1.2682246
2025-06-06 14:00:00,1.4470108
2025-06-06 15:00:00,1.2784442
2025-06-06 16:00:00,0.8618079
2025-06-06 17:00:00,0.34933776
2025-06-06 18:00:00,-0.112162344
2025-06-06 19:00:00,-0.4664121
2025-06-06 20:00:00,-0.744134
2025-06-06 21:00:00,-0.95328516
2025-06-06 22:00:00,-0.9854424
2025-06-06 23:00:00,-0.32473528
2025-06-07 00:00:00,0.60158545
2025-06-07 01:00:00,1.1867257
2025-06-07 02:00:00,1.6202977
2025-06-07 03:00:00,1.6709727
2025-06-07 04:00:00,1.3471956
2025-06-07 05:00:00,0.8457557
2025-06-07 06:00:00,0.3062665
2025-06-07 07:00:00,-0.15816459
2025-06-07 08:00:00,-0.48766047
2025-06-07 09:00:00,-0.7251235
2025-06-07 10:00:00,-0.83707774
2025-06-07 11:00:00,-0.558848
2025-06-07 12:00:00,0.32525456
2025-06-07 13:00:00,0.9663829
2025-06-07 14:00:00,1.4471023
2025-06-07 15:00:00,1.6093701
2025-06-07 16:00:00,1.3471867
2025-06-07 17:00:00,0.82699335
2025-06-07 18:00:00,0.244946
2025-06-07 19:00:00,-0.26233461
2025-06-07 20:00:00,-0.6136148
2025-06-07 21:00:00,-0.8827879
2025-06-07 22:00:00,-1.0478427
2025-06-07 23:00:00,-1.0115353
2025-06-08 00:00:00,-0.072266646
2025-06-08 01:00:00,0.8531713
2025-06-08 02:00:00,1.4550456
2025-06-08 03:00:00,1.8419163
2025-06-08 04:00:00,1.7963167
2025-06-08 05:00:00,1.3728218
2025-06-08 06:00:00,0.7642619
2025-06-08 07:00:00,0.19382982
2025-06-08 08:00:00,-0.26537228
2025-06-08 09:00:00,-0.5918861
2025-06-08 10:00:00,-0.8333051
2025-06-08 11:00:00,-0.92124325
2025-06-08 12:00:00,-0.46318266
2025-06-08 13:00:00,0.5127596
2025-06-08 14:00:00,1.1093293
2025-06-08 15:00:00,1.5606285
2025-06-08 16:00:00,1.6675369
2025-06-08 17:00:00,1.3482023
2025-06-08 18:00:00,0.7738316
2025-06-08 19:00:00,0.17594312
2025-06-08 20:00:00,-0.30607045
2025-06-08 21:00:00,-0.65200907
2025-06-08 22:00:00,-0.92935264
2025-06-08 23:00:00,-1.1116154
2025-06-09 00:00:00,-0.9506896
2025-06-09 01:00:00,0.29994336
2025-06-09 02:00:00,1.1801348
2025-06-09 03:00:00,1.7665839
2025-06-09 04:00:00,2.0257711
2025-06-09 05:00:00,1.8555298
2025-06-09 06:00:00,1.3217125
2025-06-09 07:00:00,0.6767639
2025-06-09 08:00:00,0.08320307
2025-06-09 09:00:00,-0.3661146
2025-06-09 10:00:00,-0.6704228
2025-06-09 11:00:00,-0.9132626
2025-06-09 12:00:00,-0.9752787
2025-06-09 13:00:00,-0.22001047
2025-06-09 14:00:00,0.7672534
2025-06-09 15:00:00,1.3667266
2025-06-09 16:00:00,1.740373
2025-06-09 17:00:00,1.6802
2025-06-09 18:00:00,1.1817235
2025-06-09 19:00:00,0.5323563
2025-06-09 20:00:00,-0.05741954
2025-06-09 21:00:00,-0.49513265
2025-06-09 22:00:00,-0.81837875
2025-06-09 23:00:00,-1.0847303
2025-06-10 00:00:00,-1.2152522
2025-06-10 01:00:00,-0.6136301
2025-06-10 02:00:00,0.70736885
2025-06-10 03:00:00,1.4950709
2025-06-10 04:00:00,2.0334084
2025-06-10 05:00:00,2.1327865
2025-06-10 06:00:00,1.7779803
2025-06-10 07:00:00,1.1221004
2025-06-10 08:00:00,0.44447958
2025-06-10 09:00:00,-0.12364697
2025-06-10 10:00:00,-0.51749635
2025-06-10 11:00:00,-0.8167695
2025-06-10 12:00:00,-1.0352762
2025-06-10 13:00:00,-1.0201507
2025-06-10 14:00:00,0.0026015793
2025-06-10 15:00:00,0.96797645
2025-06-10 16:00:00,1.5720158
2025-06-10 17:00:00,1.8496692
2025-06-10 18:00:00,1.6331956
2025-06-10 19:00:00,1.0072894
2025-06-10 20:00:00,0.32132977
2025-06-10 21:00:00,-0.24227987
2025-06-10 22:00:00,-0.64081705
2025-06-10 23:00:00,-0.963249
2025-06-11 00:00:00,-1.2124342
